{"cameraMode":{"drawMode":0,"name":"Shaded","section":"Shading Mode"},"sceneLighting":true,"audioPlay":false,"sceneViewState":{"m_AlwaysRefresh":false,"showFog":true,"showSkybox":true,"showFlares":true,"showImageEffects":true,"showParticleSystems":true,"showVisualEffectGraphs":true,"m_FxEnabled":true},"in2DMode":false,"pivot":{"x":76.86918640136719,"y":-15.407638549804688,"z":-125.11773681640625},"rotation":{"x":-0.02068760059773922,"y":-0.9451500773429871,"z":0.06737364828586579,"w":-0.31944119930267336},"size":76.02239227294922,"orthographic":false}